1|2|3|4|91|2|3|4|911|12|13|14|151|2|3|4|9
5|6|7|8|101|2|3|4|9
5|6|7|8|1011|12|13|14|151|2|3|4|9
11|12|13|14|151|2|3|4|9
5|6|7|8|1011|12|13|14|151|2|3|4|9
11|12|13|14|151|2|3|4|9
5|6|7|8|1011|12|13|14|151|2|3|4|9
11|12|13|14|151|2|3|4|9
5|6|7|8|1011|12|13|14|151|2|3|4|9
11|12|13|14|1511|12|13|14|151|2|3|4|9
11|12|13|14|151|2|3|4|9
5|6|7|8|1011|12|13|14|151|2|3|4|9
11|12|13|14|1511|12|13|14|151|2|3|4|9
5|6|7|8|101|2|3|4|9
5|6|7|8|1011|12|13|14|151|2|3|4|9
11|12|13|14|1511|12|13|14|151|2|3|4|9
11|12|13|14|151|2|3|4|9
5|6|7|8|1011|12|13|14|151|2|3|4|9
11|12|13|14|1511|12|13|14|151|2|3|4|9
1|2|3|4|91|2|3|4|911|12|13|14|151|2|3|4|9
5|6|7|8|1011|12|13|14|151|2|3|4|9
11|12|13|14|1511|12|13|14|151|2|3|4|9
5|6|7|8|101|2|3|4|911|12|13|14|151|2|3|4|9
5|6|7|8|1011|12|13|14|151|2|3|4|9
11|12|13|14|1511|12|13|14|151|2|3|4|9
11|12|13|14|151|2|3|4|911|12|13|14|151|2|3|4|9
5|6|7|8|1011|12|13|14|151|2|3|4|9
11|12|13|14|1511|12|13|14|151|2|3|4|9
1|2|3|4|91|2|3|4|911|12|13|14|151|2|3|4|9
5|6|7|8|1011|12|13|14|151|2|3|4|911|12|13|14|151|2|3|4|9
11|12|13|14|1511|12|13|14|151|2|3|4|911|12|13|14|151|2|3|4|9
5|6|7|8|101|2|3|4|911|12|13|14|151|2|3|4|911|12|13|14|151|2|3|4|9
5|6|7|8|1011|12|13|14|151|2|3|4|9
11|12|13|14|15
11|12|13|14|15